rmsk_index	tag	internal_id	block_id	int_type	genoName	genoStart	genoEnd	strand	repName	length	element_family
966035	808827_bINT_singleton	MLT1G3_808827_bINT_singleton_1	MLT1G3_808827	bINT	chr12	9041429	9041908	+	MLT1G3	479	MLT1G3
966039	808827_aINT_singleton	MLT1G3_808827_aINT_singleton_1	MLT1G3_808827	aINT	chr12	9043611	9044142	+	MLT1G3	531	MLT1G3
4529608	3790356_bINT_singleton	MLT1G3_3790356_bINT_singleton_1	MLT1G3_3790356	bINT	chr7	109389470	109389891	-	MLT1G3	421	MLT1G3
4529612	3790356_aINT_singleton	MLT1G3_3790356_aINT_singleton_1	MLT1G3_3790356	aINT	chr7	109391740	109392130	-	MLT1G3	390	MLT1G3
3164338	2652455_bINT_singleton	MSTB_2652455_bINT_singleton_1	MSTB_2652455	bINT	chr3	70614115	70614526	-	MSTB	411	MSTB
3164340	2652455_aINT_singleton	MSTB_2652455_aINT_singleton_1	MSTB_2652455	aINT	chr3	70616130	70616540	-	MSTB	410	MSTB
3762732	3149965_bINT_singleton	MSTB_3149965_bINT_singleton_1	MSTB_3149965	bINT	chr5	30707041	30707466	+	MSTB	425	MSTB
3762737	3149965_aINT_singleton	MSTB_3149965_aINT_singleton_1	MSTB_3149965	aINT	chr5	30711402	30711830	+	MSTB	428	MSTB
5337250	4464701_bINT_singleton	MER34B_4464701_bINT_singleton_1	MER34B_4464701	bINT	chrX	15964840	15965359	-	MER34B	519	MER34B
5337265	4464701_aINT_singleton	MER34B_4464701_aINT_singleton_1	MER34B_4464701	aINT	chrX	15972485	15972992	-	MER34B	507	MER34B
1077186	901126_bINT_singleton	MLT1G_901126_bINT_singleton_1	MLT1G_901126	bINT	chr12	72290440	72291007	-	MLT1G	567	MLT1G
1077190	901126_aINT_singleton	MLT1G_901126_aINT_singleton_1	MLT1G_901126	aINT	chr12	72292828	72293175	-	MLT1G	347	MLT1G
3410788	2858094_bINT_singleton	MLT1G_2858094_bINT_singleton_1	MLT1G_2858094	bINT	chr4	12236660	12237120	-	MLT1G	460	MLT1G
3410800	2858094_aINT_singleton	MLT1G_2858094_aINT_singleton_1	MLT1G_2858094	aINT	chr4	12239146	12239721	-	MLT1G	575	MLT1G
3759514	3147415_bINT_singleton	LTR38_3147415_bINT_singleton_1	LTR38_3147415	bINT	chr5	28664841	28665383	-	LTR38	542	LTR38
3759527	3147415_aINT_singleton	LTR38_3147415_aINT_singleton_1	LTR38_3147415	aINT	chr5	28670812	28671345	-	LTR38	533	LTR38
4281711	3583139_bINT_singleton	LTR38_3583139_bINT_singleton_1	LTR38_3583139	bINT	chr6	141955559	141956128	+	LTR38	569	LTR38
4281721	3583139_aINT_singleton	LTR38_3583139_aINT_singleton_1	LTR38_3583139	aINT	chr6	141965043	141965585	+	LTR38	542	LTR38
2322437	1946812_aINT_open	MSTA_1946812_aINT_join_1	MSTA_1946812	aINT	chr2	2390779	2390835	-	MSTA	56	MSTA
2322435	1946812_aINT_close	MSTA_1946812_aINT_join_1	MSTA_1946812	aINT	chr2	2390075	2390455	-	MSTA	380	MSTA
768195	643137_bINT_singleton	MSTA_643137_bINT_singleton_1	MSTA_643137	bINT	chr11	38268720	38269096	-	MSTA	376	MSTA
768197	643137_aINT_singleton	MSTA_643137_aINT_singleton_1	MSTA_643137	aINT	chr11	38270702	38271083	-	MSTA	381	MSTA
2322433	1946812_bINT_singleton	MSTA_1946812_bINT_singleton_1	MSTA_1946812	bINT	chr2	2388146	2388556	-	MSTA	410	MSTA
4526854	3788050_bINT_singleton	MLT1A_3788050_bINT_singleton_1	MLT1A_3788050	bINT	chr7	107726391	107726751	-	MLT1A	360	MLT1A
4526858	3788050_aINT_singleton	MLT1A_3788050_aINT_singleton_1	MLT1A_3788050	aINT	chr7	107728365	107728765	-	MLT1A	400	MLT1A
4805686	4020071_bINT_singleton	MLT1A_4020071_bINT_singleton_1	MLT1A_4020071	bINT	chr8	106571171	106571512	-	MLT1A	341	MLT1A
4805692	4020071_aINT_singleton	MLT1A_4020071_aINT_singleton_1	MLT1A_4020071	aINT	chr8	106574215	106574626	-	MLT1A	411	MLT1A
2756171	2308996_bINT_singleton	MER84_2308996_bINT_singleton_1	MER84_2308996	bINT	chr20	2800875	2801334	+	MER84	459	MER84
2756181	2308996_aINT_singleton	MER84_2308996_aINT_singleton_1	MER84_2308996	aINT	chr20	2804131	2804576	+	MER84	445	MER84
4154142	3477356_bINT_singleton	MER84_3477356_bINT_singleton_1	MER84_3477356	bINT	chr6	66702137	66702626	+	MER84	489	MER84
4154148	3477356_aINT_singleton	MER84_3477356_aINT_singleton_1	MER84_3477356	aINT	chr6	66707422	66707905	+	MER84	483	MER84
4814019	4027017_bINT_singleton	LTR43_4027017_bINT_singleton_1	LTR43_4027017	bINT	chr8	111473799	111474391	+	LTR43	592	LTR43
4814023	4027017_aINT_singleton	LTR43_4027017_aINT_singleton_1	LTR43_4027017	aINT	chr8	111479027	111479626	+	LTR43	599	LTR43
5452081	4555854_bINT_singleton	LTR43_4555854_bINT_singleton_1	LTR43_4555854	bINT	chrX	83380133	83380725	+	LTR43	592	LTR43
5452092	4555854_aINT_singleton	LTR43_4555854_aINT_singleton_1	LTR43_4555854	aINT	chrX	83393501	83394095	+	LTR43	594	LTR43
2157293	1808661_aINT_open	MER76_1808661_aINT_join_1	MER76_1808661	aINT	chr18	64000402	64000757	+	MER76	355	MER76
2157294	1808661_aINT_close	MER76_1808661_aINT_join_1	MER76_1808661	aINT	chr18	64000796	64000877	+	MER76	81	MER76
4556743	3812787_aINT_open	MER76_3812787_aINT_join_1	MER76_3812787	aINT	chr7	125834272	125834802	-	MER76	530	MER76
4556741	3812787_aINT_close	MER76_3812787_aINT_join_1	MER76_3812787	aINT	chr7	125833860	125833902	-	MER76	42	MER76
2157287	1808661_bINT_singleton	MER76_1808661_bINT_singleton_1	MER76_1808661	bINT	chr18	63993672	63994335	+	MER76	663	MER76
4556727	3812787_bINT_singleton	MER76_3812787_bINT_singleton_1	MER76_3812787	bINT	chr7	125828186	125828530	-	MER76	344	MER76
3175350	2661840_bINT_singleton	MLT1C_2661840_bINT_singleton_1	MLT1C_2661840	bINT	chr3	76230713	76231167	+	MLT1C	454	MLT1C
3175357	2661840_aINT_singleton	MLT1C_2661840_aINT_singleton_1	MLT1C_2661840	aINT	chr3	76235081	76235539	+	MLT1C	458	MLT1C
4350229	3640432_bINT_singleton	MLT1C_3640432_bINT_singleton_1	MLT1C_3640432	bINT	chr7	9928670	9929108	-	MLT1C	438	MLT1C
4350231	3640432_aINT_singleton	MLT1C_3640432_aINT_singleton_1	MLT1C_3640432	aINT	chr7	9930439	9930749	-	MLT1C	310	MLT1C
1300150	1087521_bINT_singleton	MLT1J1_1087521_bINT_singleton_1	MLT1J1_1087521	bINT	chr13	70900715	70901115	+	MLT1J1	400	MLT1J1
1300155	1087521_aINT_singleton	MLT1J1_1087521_aINT_singleton_1	MLT1J1_1087521	aINT	chr13	70902937	70903359	+	MLT1J1	422	MLT1J1
4179837	3498481_bINT_singleton	MLT1J1_3498481_bINT_singleton_1	MLT1J1_3498481	bINT	chr6	82574456	82574770	+	MLT1J1	314	MLT1J1
4179839	3498481_aINT_singleton	MLT1J1_3498481_aINT_singleton_1	MLT1J1_3498481	aINT	chr6	82576036	82576360	+	MLT1J1	324	MLT1J1
2754858	2307949_bINT_overlap_open	MER68_2307949_bINT_join_1	MER68_2307949	bINT	chr20	2244532	2244606	-	MER68	74	MER68
2754856	2307949_bINT_overlap_mid	MER68_2307949_bINT_join_1	MER68_2307949	bINT	chr20	2243829	2244243	-	MER68	414	MER68
2754852	2307949_bINT_overlap_close	MER68_2307949_bINT_join_1	MER68_2307949	bINT	chr20	2243295	2243385	-	MER68	90	MER68
896233	750193_bINT_singleton	MER68_750193_bINT_singleton_1	MER68_750193	bINT	chr11	108034035	108034536	-	MER68	501	MER68
896239	750193_aINT_singleton	MER68_750193_aINT_singleton_1	MER68_750193	aINT	chr11	108037390	108037923	-	MER68	533	MER68
2754863	2307949_aINT_singleton	MER68_2307949_aINT_singleton_1	MER68_2307949	aINT	chr20	2247580	2248060	-	MER68	480	MER68
1477876	1235377_bINT_singleton	MLT1A1_1235377_bINT_singleton_1	MLT1A1_1235377	bINT	chr14	76139735	76140158	+	MLT1A1	423	MLT1A1
1477897	1235377_aINT_singleton	MLT1A1_1235377_aINT_singleton_1	MLT1A1_1235377	aINT	chr14	76145451	76145844	+	MLT1A1	393	MLT1A1
3349983	2807100_bINT_singleton	MLT1A1_2807100_bINT_singleton_1	MLT1A1_2807100	bINT	chr3	180084161	180084495	+	MLT1A1	334	MLT1A1
3349987	2807100_aINT_singleton	MLT1A1_2807100_aINT_singleton_1	MLT1A1_2807100	aINT	chr3	180086555	180086905	+	MLT1A1	350	MLT1A1
757575	634136_bINT_singleton	MLT1H_634136_bINT_singleton_1	MLT1H_634136	bINT	chr11	32769178	32769691	-	MLT1H	513	MLT1H
757578	634136_aINT_singleton	MLT1H_634136_aINT_singleton_1	MLT1H_634136	aINT	chr11	32769988	32770460	-	MLT1H	472	MLT1H
832343	696731_bINT_singleton	MLT1H_696731_bINT_singleton_1	MLT1H_696731	bINT	chr11	74322596	74323079	+	MLT1H	483	MLT1H
832349	696731_aINT_singleton	MLT1H_696731_aINT_singleton_1	MLT1H_696731	aINT	chr11	74324265	74324788	+	MLT1H	523	MLT1H
1051641	879895_bINT_open	MLT1E3_879895_bINT_join_1	MLT1E3_879895	bINT	chr12	58582541	58582604	+	MLT1E3	63	MLT1E3
1051643	879895_bINT_close	MLT1E3_879895_bINT_join_1	MLT1E3_879895	bINT	chr12	58582652	58583069	+	MLT1E3	417	MLT1E3
1051655	879895_aINT_singleton	MLT1E3_879895_aINT_singleton_1	MLT1E3_879895	aINT	chr12	58587933	58588564	+	MLT1E3	631	MLT1E3
1819410	1522869_bINT_singleton	MLT1E3_1522869_bINT_singleton_1	MLT1E3_1522869	bINT	chr16	63489836	63490169	-	MLT1E3	333	MLT1E3
1819417	1522869_aINT_singleton	MLT1E3_1522869_aINT_singleton_1	MLT1E3_1522869	aINT	chr16	63494968	63495600	-	MLT1E3	632	MLT1E3
5588742	4664452_aINT_open	MER50_4664452_aINT_join_1	MER50_4664452	aINT	chrY	4154181	4154650	-	MER50	469	MER50
5588740	4664452_aINT_close	MER50_4664452_aINT_join_1	MER50_4664452	aINT	chrY	4153606	4153872	-	MER50	266	MER50
1048368	877204_bINT_singleton	MER50_877204_bINT_singleton_1	MER50_877204	bINT	chr12	56830705	56831380	-	MER50	675	MER50
1048377	877204_aINT_singleton	MER50_877204_aINT_singleton_1	MER50_877204	aINT	chr12	56837278	56837966	-	MER50	688	MER50
5588728	4664452_bINT_singleton	MER50_4664452_bINT_singleton_1	MER50_4664452	bINT	chrY	4143691	4144395	-	MER50	704	MER50
2359934	1978550_bINT_singleton	MLT1J2_1978550_bINT_singleton_1	MLT1J2_1978550	bINT	chr2	23314047	23314432	+	MLT1J2	385	MLT1J2
2359937	1978550_aINT_singleton	MLT1J2_1978550_aINT_singleton_1	MLT1J2_1978550	aINT	chr2	23316362	23316794	+	MLT1J2	432	MLT1J2
3857491	3229038_bINT_singleton	MLT1J2_3229038_bINT_singleton_1	MLT1J2_3229038	bINT	chr5	87572163	87572494	-	MLT1J2	331	MLT1J2
3857496	3229038_aINT_singleton	MLT1J2_3229038_aINT_singleton_1	MLT1J2_3229038	aINT	chr5	87574141	87574533	-	MLT1J2	392	MLT1J2
2434197	2040740_bINT_overlap_open	MER34_2040740_bINT_join_1	MER34_2040740	bINT	chr2	61652059	61652119	-	MER34	60	MER34
2434195	2040740_bINT_overlap_mid	MER34_2040740_bINT_join_1	MER34_2040740	bINT	chr2	61651574	61651888	-	MER34	314	MER34
2434193	2040740_bINT_overlap_mid	MER34_2040740_bINT_join_1	MER34_2040740	bINT	chr2	61651164	61651268	-	MER34	104	MER34
2434191	2040740_bINT_overlap_close	MER34_2040740_bINT_join_1	MER34_2040740	bINT	chr2	61650801	61650859	-	MER34	58	MER34
2434209	2040740_aINT_open	MER34_2040740_aINT_join_1	MER34_2040740	aINT	chr2	61655225	61655558	-	MER34	333	MER34
2434207	2040740_aINT_close	MER34_2040740_aINT_join_1	MER34_2040740	aINT	chr2	61654733	61654898	-	MER34	165	MER34
537198	448749_bINT_singleton	MER34_448749_bINT_singleton_1	MER34_448749	bINT	chr10	48226478	48226936	+	MER34	458	MER34
537204	448749_aINT_singleton	MER34_448749_aINT_singleton_1	MER34_448749	aINT	chr10	48231196	48231674	+	MER34	478	MER34
4706293	3937500_bINT_singleton	MSTA1_3937500_bINT_singleton_1	MSTA1_3937500	bINT	chr8	50770615	50771052	+	MSTA1	437	MSTA1
4706295	3937500_aINT_singleton	MSTA1_3937500_aINT_singleton_1	MSTA1_3937500	aINT	chr8	50772656	50773105	+	MSTA1	449	MSTA1
5419133	4530658_bINT_singleton	MSTA1_4530658_bINT_singleton_1	MSTA1_4530658	bINT	chrX	63396683	63397178	-	MSTA1	495	MSTA1
5419146	4530658_aINT_singleton	MSTA1_4530658_aINT_singleton_1	MSTA1_4530658	aINT	chrX	63402512	63402950	-	MSTA1	438	MSTA1
3898941	3263358_aINT_open	LTR39_3263358_aINT_join_1	LTR39_3263358	aINT	chr5	113790909	113791114	-	LTR39	205	LTR39
3898939	3263358_aINT_close	LTR39_3263358_aINT_join_1	LTR39_3263358	aINT	chr5	113790067	113790609	-	LTR39	542	LTR39
3898921	3263358_bINT_singleton	LTR39_3263358_bINT_singleton_1	LTR39_3263358	bINT	chr5	113780932	113781676	-	LTR39	744	LTR39
4273162	3576217_bINT_singleton	THE1A_3576217_bINT_singleton_1	THE1A_3576217	bINT	chr6	137207454	137207807	+	THE1A	353	THE1A
4273164	3576217_aINT_singleton	THE1A_3576217_aINT_singleton_1	THE1A_3576217	aINT	chr6	137209366	137209721	+	THE1A	355	THE1A
4610525	3857479_bINT_singleton	THE1A_3857479_bINT_singleton_1	THE1A_3857479	bINT	chr7	153792730	153793085	+	THE1A	355	THE1A
4610527	3857479_aINT_singleton	THE1A_3857479_aINT_singleton_1	THE1A_3857479	aINT	chr7	153794683	153795037	+	THE1A	354	THE1A
3695951	3094632_aINT_open	MLT1E_3094632_aINT_join_1	MLT1E_3094632	aINT	chr4	179374936	179374992	-	MLT1E	56	MLT1E
3695948	3094632_aINT_mid	MLT1E_3094632_aINT_join_1	MLT1E_3094632	aINT	chr4	179374264	179374707	-	MLT1E	443	MLT1E
3695946	3094632_aINT_close	MLT1E_3094632_aINT_join_1	MLT1E_3094632	aINT	chr4	179373159	179373202	-	MLT1E	43	MLT1E
3695942	3094632_bINT_overlap_open	MLT1E_3094632_bINT_join_1	MLT1E_3094632	bINT	chr4	179370772	179371237	-	MLT1E	465	MLT1E
3695936	3094632_bINT_overlap_close	MLT1E_3094632_bINT_join_1	MLT1E_3094632	bINT	chr4	179369277	179369407	-	MLT1E	130	MLT1E
2552824	2138749_bINT_singleton	MLT1E_2138749_bINT_singleton_1	MLT1E_2138749	bINT	chr2	129828575	129829157	+	MLT1E	582	MLT1E
2552830	2138749_aINT_singleton	MLT1E_2138749_aINT_singleton_1	MLT1E_2138749	aINT	chr2	129831821	129832210	+	MLT1E	389	MLT1E
820837	687055_bINT_singleton	MLT1K_687055_bINT_singleton_1	MLT1K_687055	bINT	chr11	68963641	68964031	+	MLT1K	390	MLT1K
820845	687055_aINT_singleton	MLT1K_687055_aINT_singleton_1	MLT1K_687055	aINT	chr11	68966710	68967218	+	MLT1K	508	MLT1K
4248133	3555109_bINT_singleton	MLT1K_3555109_bINT_singleton_1	MLT1K_3555109	bINT	chr6	122558048	122558424	-	MLT1K	376	MLT1K
4248144	3555109_aINT_singleton	MLT1K_3555109_aINT_singleton_1	MLT1K_3555109	aINT	chr6	122565752	122566184	-	MLT1K	432	MLT1K
1098291	918606_bINT_singleton	MLT1H2_918606_bINT_singleton_1	MLT1H2_918606	bINT	chr12	84799736	84800242	+	MLT1H2	506	MLT1H2
1098295	918606_aINT_singleton	MLT1H2_918606_aINT_singleton_1	MLT1H2_918606	aINT	chr12	84801093	84801570	+	MLT1H2	477	MLT1H2
2365151	1982801_bINT_singleton	MLT1H2_1982801_bINT_singleton_1	MLT1H2_1982801	bINT	chr2	25690148	25690626	+	MLT1H2	478	MLT1H2
2365159	1982801_aINT_singleton	MLT1H2_1982801_aINT_singleton_1	MLT1H2_1982801	aINT	chr2	25693032	25693427	+	MLT1H2	395	MLT1H2
5448401	4553195_bINT_open	MER4B_4553195_bINT_join_1	MER4B_4553195	bINT	chrX	80847975	80848159	-	MER4B	184	MER4B
5448399	4553195_bINT_close	MER4B_4553195_bINT_join_1	MER4B_4553195	bINT	chrX	80847231	80847673	-	MER4B	442	MER4B
1936	1558_bINT_singleton	MER4B_1558_bINT_singleton_1	MER4B_1558	bINT	chr1	1275712	1276255	-	MER4B	543	MER4B
1953	1558_aINT_singleton	MER4B_1558_aINT_singleton_1	MER4B_1558	aINT	chr1	1280482	1280788	-	MER4B	306	MER4B
5448417	4553195_aINT_singleton	MER4B_4553195_aINT_singleton_1	MER4B_4553195	aINT	chrX	80855993	80856615	-	MER4B	622	MER4B
5484431	4580767_bINT_open	LTR25_4580767_bINT_join_1	LTR25_4580767	bINT	chrX	103865245	103865494	-	LTR25	249	LTR25
5484429	4580767_bINT_close	LTR25_4580767_bINT_join_1	LTR25_4580767	bINT	chrX	103864675	103865210	-	LTR25	535	LTR25
5484442	4580767_aINT_singleton	LTR25_4580767_aINT_singleton_1	LTR25_4580767	aINT	chrX	103879207	103879991	-	LTR25	784	LTR25
5609350	4681174_bINT_singleton	LTR25_4681174_bINT_singleton_1	LTR25_4681174	bINT	chrY	17860472	17861327	+	LTR25	855	LTR25
5609364	4681174_aINT_singleton	LTR25_4681174_aINT_singleton_1	LTR25_4681174	aINT	chrY	17871239	17872087	+	LTR25	848	LTR25
3201534	2683658_bINT_singleton	THE1B_2683658_bINT_singleton_1	THE1B_2683658	bINT	chr3	96337771	96338128	+	THE1B	357	THE1B
3201536	2683658_aINT_singleton	THE1B_2683658_aINT_singleton_1	THE1B_2683658	aINT	chr3	96339721	96340088	+	THE1B	367	THE1B
3416717	2863081_bINT_singleton	THE1B_2863081_bINT_singleton_1	THE1B_2863081	bINT	chr4	15268362	15268723	+	THE1B	361	THE1B
3416719	2863081_aINT_singleton	THE1B_2863081_aINT_singleton_1	THE1B_2863081	aINT	chr4	15270290	15270649	+	THE1B	359	THE1B
2710107	2270704_bINT_singleton	MLT1I_2270704_bINT_singleton_1	MLT1I_2270704	bINT	chr2	220687310	220687710	-	MLT1I	400	MLT1I
2710111	2270704_aINT_singleton	MLT1I_2270704_aINT_singleton_1	MLT1I_2270704	aINT	chr2	220689396	220689729	-	MLT1I	333	MLT1I
5360261	4483719_bINT_singleton	MLT1I_4483719_bINT_singleton_1	MLT1I_4483719	bINT	chrX	27528941	27529246	+	MLT1I	305	MLT1I
5360263	4483719_aINT_singleton	MLT1I_4483719_aINT_singleton_1	MLT1I_4483719	aINT	chrX	27530677	27531073	+	MLT1I	396	MLT1I
4685553	3920649_aINT_open	MLT1H1_3920649_aINT_join_1	MLT1H1_3920649	aINT	chr8	36821640	36821685	+	MLT1H1	45	MLT1H1
4685555	3920649_aINT_close	MLT1H1_3920649_aINT_join_1	MLT1H1_3920649	aINT	chr8	36822031	36822544	+	MLT1H1	513	MLT1H1
4197795	3513301_bINT_singleton	MLT1H1_3513301_bINT_singleton_1	MLT1H1_3513301	bINT	chr6	93203422	93203979	+	MLT1H1	557	MLT1H1
4197804	3513301_aINT_singleton	MLT1H1_3513301_aINT_singleton_1	MLT1H1_3513301	aINT	chr6	93208617	93209091	+	MLT1H1	474	MLT1H1
4685551	3920649_bINT_singleton	MLT1H1_3920649_bINT_singleton_1	MLT1H1_3920649	bINT	chr8	36819815	36820294	+	MLT1H1	479	MLT1H1
1530536	1279859_bINT_open	MLT1G1_1279859_bINT_join_1	MLT1G1_1279859	bINT	chr14	102644147	102644475	-	MLT1G1	328	MLT1G1
1530535	1279859_bINT_close	MLT1G1_1279859_bINT_join_1	MLT1G1_1279859	bINT	chr14	102643974	102644114	-	MLT1G1	140	MLT1G1
1530540	1279859_aINT_open	MLT1G1_1279859_aINT_join_1	MLT1G1_1279859	aINT	chr14	102645837	102646176	-	MLT1G1	339	MLT1G1
1530539	1279859_aINT_close	MLT1G1_1279859_aINT_join_1	MLT1G1_1279859	aINT	chr14	102645668	102645807	-	MLT1G1	139	MLT1G1
4968781	4157302_bINT_open	MLT1G1_4157302_bINT_join_1	MLT1G1_4157302	bINT	chr9	33171853	33171886	-	MLT1G1	33	MLT1G1
4968779	4157302_bINT_close	MLT1G1_4157302_bINT_join_1	MLT1G1_4157302	bINT	chr9	33171116	33171553	-	MLT1G1	437	MLT1G1
4968806	4157302_aINT_open	MLT1G1_4157302_aINT_join_1	MLT1G1_4157302	aINT	chr9	33178291	33178422	-	MLT1G1	131	MLT1G1
4968804	4157302_aINT_close	MLT1G1_4157302_aINT_join_1	MLT1G1_4157302	aINT	chr9	33177666	33177986	-	MLT1G1	320	MLT1G1
1305955	1092496_bINT_singleton	MLT1N2_1092496_bINT_singleton_1	MLT1N2_1092496	bINT	chr13	74172335	74172760	-	MLT1N2	425	MLT1N2
1305961	1092496_aINT_singleton	MLT1N2_1092496_aINT_singleton_1	MLT1N2_1092496	aINT	chr13	74174808	74175351	-	MLT1N2	543	MLT1N2
3674050	3076740_bINT_open	MLT1E2_3076740_bINT_join_1	MLT1E2_3076740	bINT	chr4	165945755	165946343	+	MLT1E2	588	MLT1E2
3674052	3076740_bINT_close	MLT1E2_3076740_bINT_join_1	MLT1E2_3076740	bINT	chr4	165946636	165946682	+	MLT1E2	46	MLT1E2
1013353	847933_bINT_singleton	MLT1E2_847933_bINT_singleton_1	MLT1E2_847933	bINT	chr12	38809092	38809540	-	MLT1E2	448	MLT1E2
1013356	847933_aINT_singleton	MLT1E2_847933_aINT_singleton_1	MLT1E2_847933	aINT	chr12	38810618	38811083	-	MLT1E2	465	MLT1E2
3674058	3076740_aINT_singleton	MLT1E2_3076740_aINT_singleton_1	MLT1E2_3076740	aINT	chr4	165948890	165949513	+	MLT1E2	623	MLT1E2
5462166	4563398_bINT_singleton	LTR46_4563398_bINT_singleton_1	LTR46_4563398	bINT	chrX	90215622	90216076	-	LTR46	454	LTR46
5462171	4563398_aINT_singleton	LTR46_4563398_aINT_singleton_1	LTR46_4563398	aINT	chrX	90223264	90223708	-	LTR46	444	LTR46
5588198	4664072_bINT_singleton	LTR46_4664072_bINT_singleton_1	LTR46_4664072	bINT	chrY	3784726	3785180	-	LTR46	454	LTR46
5588203	4664072_aINT_singleton	LTR46_4664072_aINT_singleton_1	LTR46_4664072	aINT	chrY	3792365	3792809	-	LTR46	444	LTR46
3913294	3275130_bINT_open	MLT1J_3275130_bINT_join_1	MLT1J_3275130	bINT	chr5	122719092	122719132	+	MLT1J	40	MLT1J
3913296	3275130_bINT_mid	MLT1J_3275130_bINT_join_1	MLT1J_3275130	bINT	chr5	122719416	122719454	+	MLT1J	38	MLT1J
3913298	3275130_bINT_close	MLT1J_3275130_bINT_join_1	MLT1J_3275130	bINT	chr5	122720003	122720422	+	MLT1J	419	MLT1J
864131	723616_bINT_singleton	MLT1J_723616_bINT_singleton_1	MLT1J_723616	bINT	chr11	89500430	89500856	+	MLT1J	426	MLT1J
864133	723616_aINT_singleton	MLT1J_723616_aINT_singleton_1	MLT1J_723616	aINT	chr11	89502195	89502659	+	MLT1J	464	MLT1J
3913307	3275130_aINT_singleton	MLT1J_3275130_aINT_singleton_1	MLT1J_3275130	aINT	chr5	122722673	122723016	+	MLT1J	343	MLT1J
3042449	2549841_bINT_open	MLT1D_2549841_bINT_join_1	MLT1D_2549841	bINT	chr3	8404980	8405361	+	MLT1D	381	MLT1D
3042450	2549841_bINT_close	MLT1D_2549841_bINT_join_1	MLT1D_2549841	bINT	chr3	8405746	8405805	+	MLT1D	59	MLT1D
750168	627918_bINT_singleton	MLT1D_627918_bINT_singleton_1	MLT1D_627918	bINT	chr11	28800904	28801420	-	MLT1D	516	MLT1D
750172	627918_aINT_singleton	MLT1D_627918_aINT_singleton_1	MLT1D_627918	aINT	chr11	28803283	28803758	-	MLT1D	475	MLT1D
3042452	2549841_aINT_singleton	MLT1D_2549841_aINT_singleton_1	MLT1D_2549841	aINT	chr3	8407120	8407658	+	MLT1D	538	MLT1D
892550	747224_bINT_singleton	MER83B_747224_bINT_singleton_1	MER83B_747224	bINT	chr11	106141759	106142136	+	MER83B	377	MER83B
892558	747224_aINT_singleton	MER83B_747224_aINT_singleton_1	MER83B_747224	aINT	chr11	106146599	106146983	+	MER83B	384	MER83B
4384782	3669528_bINT_singleton	MER83B_3669528_bINT_singleton_1	MER83B_3669528	bINT	chr7	30195695	30196054	-	MER83B	359	MER83B
4384784	3669528_aINT_singleton	MER83B_3669528_aINT_singleton_1	MER83B_3669528	aINT	chr7	30198810	30199135	-	MER83B	325	MER83B
4755762	3978278_bINT_singleton	MLT1L_3978278_bINT_singleton_1	MLT1L_3978278	bINT	chr8	79340095	79340440	-	MLT1L	345	MLT1L
4755768	3978278_aINT_singleton	MLT1L_3978278_aINT_singleton_1	MLT1L_3978278	aINT	chr8	79342202	79342599	-	MLT1L	397	MLT1L
2591715	2171575_bINT_singleton	THE1D_2171575_bINT_singleton_1	THE1D_2171575	bINT	chr2	152785701	152786084	-	THE1D	383	THE1D
2591719	2171575_aINT_singleton	THE1D_2171575_aINT_singleton_1	THE1D_2171575	aINT	chr2	152788043	152788379	-	THE1D	336	THE1D
2942606	2465774_bINT_singleton	THE1D_2465774_bINT_singleton_1	THE1D_2465774	bINT	chr21	44790433	44790793	+	THE1D	360	THE1D
2942608	2465774_aINT_singleton	THE1D_2465774_aINT_singleton_1	THE1D_2465774	aINT	chr21	44792313	44792672	+	THE1D	359	THE1D
1813245	1517553_bINT_singleton	MLT1F1_1517553_bINT_singleton_1	MLT1F1_1517553	bINT	chr16	60064074	60064609	-	MLT1F1	535	MLT1F1
1813248	1517553_aINT_singleton	MLT1F1_1517553_aINT_singleton_1	MLT1F1_1517553	aINT	chr16	60065748	60066255	-	MLT1F1	507	MLT1F1
3815582	3194153_bINT_singleton	MLT1F1_3194153_bINT_singleton_1	MLT1F1_3194153	bINT	chr5	64898707	64899064	-	MLT1F1	357	MLT1F1
3815597	3194153_aINT_singleton	MLT1F1_3194153_aINT_singleton_1	MLT1F1_3194153	aINT	chr5	64904243	64904728	-	MLT1F1	485	MLT1F1
4292058	3591703_bINT_singleton	THE1C_3591703_bINT_singleton_1	THE1C_3591703	bINT	chr6	148059187	148059529	-	THE1C	342	THE1C
4292060	3591703_aINT_singleton	THE1C_3591703_aINT_singleton_1	THE1C_3591703	aINT	chr6	148060990	148061347	-	THE1C	357	THE1C
4611989	3858751_bINT_singleton	THE1C_3858751_bINT_singleton_1	THE1C_3858751	bINT	chr7	154712463	154712821	-	THE1C	358	THE1C
4611991	3858751_aINT_singleton	THE1C_3858751_aINT_singleton_1	THE1C_3858751	aINT	chr7	154714373	154714729	-	THE1C	356	THE1C
968210	810612_bINT_open	MLT1F_810612_bINT_join_1	MLT1F_810612	bINT	chr12	10319370	10319858	+	MLT1F	488	MLT1F
968212	810612_bINT_close	MLT1F_810612_bINT_join_1	MLT1F_810612	bINT	chr12	10320165	10320227	+	MLT1F	62	MLT1F
968215	810612_aINT_singleton	MLT1F_810612_aINT_singleton_1	MLT1F_810612	aINT	chr12	10321480	10322013	+	MLT1F	533	MLT1F
1057695	884813_bINT_singleton	MLT1F_884813_bINT_singleton_1	MLT1F_884813	bINT	chr12	62305734	62306281	+	MLT1F	547	MLT1F
1057701	884813_aINT_singleton	MLT1F_884813_aINT_singleton_1	MLT1F_884813	aINT	chr12	62308303	62308605	+	MLT1F	302	MLT1F
3136025	2627954_aINT_open	MER89_2627954_aINT_join_1	MER89_2627954	aINT	chr3	56371156	56371238	+	MER89	82	MER89
3136026	2627954_aINT_close	MER89_2627954_aINT_join_1	MER89_2627954	aINT	chr3	56371219	56371549	+	MER89	330	MER89
3136015	2627954_bINT_singleton	MER89_2627954_bINT_singleton_1	MER89_2627954	bINT	chr3	56365934	56366381	+	MER89	447	MER89
4813069	4026251_bINT_singleton	MER89_4026251_bINT_singleton_1	MER89_4026251	bINT	chr8	110897004	110897448	-	MER89	444	MER89
4813074	4026251_aINT_singleton	MER89_4026251_aINT_singleton_1	MER89_4026251	aINT	chr8	110900431	110900881	-	MER89	450	MER89
1527731	1277553_bINT_singleton	MLT1E1A_1277553_bINT_singleton_1	MLT1E1A_1277553	bINT	chr14	101424212	101424531	-	MLT1E1A	319	MLT1E1A
1527733	1277553_aINT_singleton	MLT1E1A_1277553_aINT_singleton_1	MLT1E1A_1277553	aINT	chr14	101425298	101425757	-	MLT1E1A	459	MLT1E1A
5406841	4521439_bINT_singleton	MLT1E1A_4521439_bINT_singleton_1	MLT1E1A_4521439	bINT	chrX	51694114	51694608	+	MLT1E1A	494	MLT1E1A
5406848	4521439_aINT_singleton	MLT1E1A_4521439_aINT_singleton_1	MLT1E1A_4521439	aINT	chrX	51697346	51697888	+	MLT1E1A	542	MLT1E1A
2946118	2468512_bINT_singleton	MSTB2_2468512_bINT_singleton_1	MSTB2_2468512	bINT	chr22	11127570	11127998	-	MSTB2	428	MSTB2
2946120	2468512_aINT_singleton	MSTB2_2468512_aINT_singleton_1	MSTB2_2468512	aINT	chr22	11129768	11130181	-	MSTB2	413	MSTB2
4855763	4062559_bINT_singleton	MSTB2_4062559_bINT_singleton_1	MSTB2_4062559	bINT	chr8	132284717	132285099	+	MSTB2	382	MSTB2
4855765	4062559_aINT_singleton	MSTB2_4062559_aINT_singleton_1	MSTB2_4062559	aINT	chr8	132286689	132287091	+	MSTB2	402	MSTB2
5139414	4299888_bINT_singleton	MLT1C2_4299888_bINT_singleton_1	MLT1C2_4299888	bINT	chr9	137176046	137176450	+	MLT1C2	404	MLT1C2
5139418	4299888_aINT_singleton	MLT1C2_4299888_aINT_singleton_1	MLT1C2_4299888	aINT	chr9	137177669	137178066	+	MLT1C2	397	MLT1C2
5490069	4585298_bINT_singleton	MLT1C2_4585298_bINT_singleton_1	MLT1C2_4585298	bINT	chrX	107101344	107101729	+	MLT1C2	385	MLT1C2
5490072	4585298_aINT_singleton	MLT1C2_4585298_aINT_singleton_1	MLT1C2_4585298	aINT	chrX	107103181	107103622	+	MLT1C2	441	MLT1C2
3883363	3250617_bINT_singleton	MLT1F2_3250617_bINT_singleton_1	MLT1F2_3250617	bINT	chr5	104092928	104093280	-	MLT1F2	352	MLT1F2
3883371	3250617_aINT_singleton	MLT1F2_3250617_aINT_singleton_1	MLT1F2_3250617	aINT	chr5	104096870	104097417	-	MLT1F2	547	MLT1F2
3905991	3269196_bINT_singleton	MLT1F2_3269196_bINT_singleton_1	MLT1F2_3269196	bINT	chr5	118104276	118104652	-	MLT1F2	376	MLT1F2
3905995	3269196_aINT_singleton	MLT1F2_3269196_aINT_singleton_1	MLT1F2_3269196	aINT	chr5	118105971	118106429	-	MLT1F2	458	MLT1F2
5514644	4605052_bINT_open	LTR53_4605052_bINT_join_1	LTR53_4605052	bINT	chrX	120329277	120329436	+	LTR53	159	LTR53
5514648	4605052_bINT_close	LTR53_4605052_bINT_join_1	LTR53_4605052	bINT	chrX	120330081	120330411	+	LTR53	330	LTR53
5514654	4605052_aINT_singleton	LTR53_4605052_aINT_singleton_1	LTR53_4605052	aINT	chrX	120334633	120335133	+	LTR53	500	LTR53
5524030	4612599_bINT_singleton	LTR53_4612599_bINT_singleton_1	LTR53_4612599	bINT	chrX	125398744	125399222	-	LTR53	478	LTR53
5524040	4612599_aINT_singleton	LTR53_4612599_aINT_singleton_1	LTR53_4612599	aINT	chrX	125404523	125405042	-	LTR53	519	LTR53
2099662	1759919_aINT_open	LTR49_1759919_aINT_join_1	LTR49_1759919	aINT	chr18	32028325	32028576	-	LTR49	251	LTR49
2099660	1759919_aINT_close	LTR49_1759919_aINT_join_1	LTR49_1759919	aINT	chr18	32027712	32028016	-	LTR49	304	LTR49
114525	96140_bINT_singleton	LTR49_96140_bINT_singleton_1	LTR49_96140	bINT	chr1	49269322	49269899	+	LTR49	577	LTR49
114533	96140_aINT_singleton	LTR49_96140_aINT_singleton_1	LTR49_96140	aINT	chr1	49276403	49276968	+	LTR49	565	LTR49
2099633	1759919_bINT_singleton	LTR49_1759919_bINT_singleton_1	LTR49_1759919	bINT	chr18	32022430	32022926	-	LTR49	496	LTR49
1587702	1326815_bINT_singleton	LTR52_1326815_bINT_singleton_1	LTR52_1326815	bINT	chr15	46056220	46056637	+	LTR52	417	LTR52
1587711	1326815_aINT_singleton	LTR52_1326815_aINT_singleton_1	LTR52_1326815	aINT	chr15	46060893	46061304	+	LTR52	411	LTR52
5406109	4520895_bINT_singleton	LTR52_4520895_bINT_singleton_1	LTR52_4520895	bINT	chrX	51271848	51272233	-	LTR52	385	LTR52
5406122	4520895_aINT_singleton	LTR52_4520895_aINT_singleton_1	LTR52_4520895	aINT	chrX	51277521	51277888	-	LTR52	367	LTR52
4160126	3482256_aINT_open	MSTC_3482256_aINT_join_1	MSTC_3482256	aINT	chr6	70594282	70594631	+	MSTC	349	MSTC
4160128	3482256_aINT_close	MSTC_3482256_aINT_join_1	MSTC_3482256	aINT	chr6	70594928	70594994	+	MSTC	66	MSTC
3855417	3227349_bINT_singleton	MSTC_3227349_bINT_singleton_1	MSTC_3227349	bINT	chr5	86329795	86330168	+	MSTC	373	MSTC
3855422	3227349_aINT_singleton	MSTC_3227349_aINT_singleton_1	MSTC_3227349	aINT	chr5	86332232	86332592	+	MSTC	360	MSTC
4160122	3482256_bINT_singleton	MSTC_3482256_bINT_singleton_1	MSTC_3482256	bINT	chr6	70591781	70592207	+	MSTC	426	MSTC
5365748	4488332_bINT_open	MSTB1_4488332_bINT_join_1	MSTB1_4488332	bINT	chrX	30586255	30586604	-	MSTB1	349	MSTB1
5365746	4488332_bINT_close	MSTB1_4488332_bINT_join_1	MSTB1_4488332	bINT	chrX	30585878	30585946	-	MSTB1	68	MSTB1
4353701	3643275_bINT_singleton	MSTB1_3643275_bINT_singleton_1	MSTB1_3643275	bINT	chr7	12188727	12189148	+	MSTB1	421	MSTB1
4353707	3643275_aINT_singleton	MSTB1_3643275_aINT_singleton_1	MSTB1_3643275	aINT	chr7	12192887	12193299	+	MSTB1	412	MSTB1
5365757	4488332_aINT_singleton	MSTB1_4488332_aINT_singleton_1	MSTB1_4488332	aINT	chrX	30589469	30589877	-	MSTB1	408	MSTB1
1306875	1093261_bINT_singleton	LTR57_1093261_bINT_singleton_1	LTR57_1093261	bINT	chr13	74747272	74747674	+	LTR57	402	LTR57
1306887	1093261_aINT_singleton	LTR57_1093261_aINT_singleton_1	LTR57_1093261	aINT	chr13	74751897	74752296	+	LTR57	399	LTR57
4842208	4050909_bINT_singleton	LTR57_4050909_bINT_singleton_1	LTR57_4050909	bINT	chr8	126094863	126095249	+	LTR57	386	LTR57
4842213	4050909_aINT_singleton	LTR57_4050909_aINT_singleton_1	LTR57_4050909	aINT	chr8	126100052	126100453	+	LTR57	401	LTR57
3759772	3147628_bINT_singleton	MSTD_3147628_bINT_singleton_1	MSTD_3147628	bINT	chr5	28834342	28834716	-	MSTD	374	MSTD
3759774	3147628_aINT_singleton	MSTD_3147628_aINT_singleton_1	MSTD_3147628	aINT	chr5	28836393	28836786	-	MSTD	393	MSTD
4519855	3782194_bINT_singleton	MSTD_3782194_bINT_singleton_1	MSTD_3782194	bINT	chr7	104197860	104198238	+	MSTD	378	MSTD
4519857	3782194_aINT_singleton	MSTD_3782194_aINT_singleton_1	MSTD_3782194	aINT	chr7	104199823	104200146	+	MSTD	323	MSTD
2906901	2435780_bINT_singleton	MLT1B_2435780_bINT_singleton_1	MLT1B_2435780	bINT	chr21	25553559	25553949	+	MLT1B	390	MLT1B
2906904	2435780_aINT_singleton	MLT1B_2435780_aINT_singleton_1	MLT1B_2435780	aINT	chr21	25555433	25555749	+	MLT1B	316	MLT1B
4328740	3622428_bINT_singleton	MLT1B_3622428_bINT_singleton_1	MLT1B_3622428	bINT	chr6	169468734	169469106	-	MLT1B	372	MLT1B
4328746	3622428_aINT_singleton	MLT1B_3622428_aINT_singleton_1	MLT1B_3622428	aINT	chr6	169470442	169470838	-	MLT1B	396	MLT1B
1366433	1143101_bINT_singleton	MLT1A0_1143101_bINT_singleton_1	MLT1A0_1143101	bINT	chr13	110401705	110402052	-	MLT1A0	347	MLT1A0
1366435	1143101_aINT_singleton	MLT1A0_1143101_aINT_singleton_1	MLT1A0_1143101	aINT	chr13	110403792	110404158	-	MLT1A0	366	MLT1A0
2410692	2020976_bINT_singleton	MLT1A0_2020976_bINT_singleton_1	MLT1A0_2020976	bINT	chr2	48245373	48245710	+	MLT1A0	337	MLT1A0
2410696	2020976_aINT_singleton	MLT1A0_2020976_aINT_singleton_1	MLT1A0_2020976	aINT	chr2	48247551	48247880	+	MLT1A0	329	MLT1A0
